{"maxon@gmail.com": {"code": "784768", "expires": 1774974165.4572363, "attempts": 0}, "final_recovery@fake.com": {"code": "270063", "expires": 1774974263.078316, "attempts": 0}, "works_now@fake.com": {"code": "383180", "expires": 1774974403.3759048, "attempts": 0}, "all_fixed@fake.com": {"code": "516204", "expires": 1774974524.9814315, "attempts": 0}, "fully_fixed@fake.com": {"code": "976453", "expires": 1774974610.060249, "attempts": 0}, "postgres_fixed@fake.com": {"code": "680738", "expires": 1774974683.6757777, "attempts": 0}, "all_works@fake.com": {"code": "849503", "expires": 1774974756.5682027, "attempts": 0}, "confirm_test@fake.com": {"code": "490307", "expires": 1774974801.4672997, "attempts": 0}, "confidence_check@fake.com": {"code": "607768", "expires": 1774976000.3778608, "attempts": 0}, "final_final@fake.com": {"code": "662695", "expires": 1774977745.4833994, "attempts": 0}, "probe@test.com": {"code": "408145", "expires": 1775150109.2646909, "attempts": 0}, "audit-1775149814@example.com": {"code": "374324", "expires": 1775150416.9569714, "attempts": 0}, "audit-1775150084@example.com": {"code": "808854", "expires": 1775150686.0733712, "attempts": 0}, "audit-1775150278@example.com": {"code": "427595", "expires": 1775150880.17997, "attempts": 0}, "audit-1775150531@example.com": {"code": "948069", "expires": 1775151132.5700603, "attempts": 0}, "audit-final-1775152552@example.com": {"code": "684669", "expires": 1775153153.7793775, "attempts": 0}, "resend-test-1775152709@example.com": {"code": "903237", "expires": 1775153310.9697144, "attempts": 0}, "samuelbanky2007@gmail.com": {"code": "589697", "expires": 1775297066.5795777, "attempts": 0}}